title,partial_link,full_link,outlinks,word_count
Life is Short,vb.html,http://paulgraham.com/vb.html,['addiction.html'],1675
Do Things that Don't Scale,ds.html,http://paulgraham.com/ds.html,"['http://ycombinator.com/apply.html', 'growth.html', 'startupideas.html', 'hw.html', 'https://sep.yimg.com/ty/cdn/paulgraham/eric.jpg?t=1601888099&']",4355
The Refragmentation,re.html,http://paulgraham.com/re.html,"['growth.html', 'https://books.google.com/ngrams/graph?content=well-adjusted&year_start=1800&year_end=2000&corpus=15&smoothing=3', 'ineq.html', 'ds.html']",7188
Write Simply,simply.html,http://paulgraham.com/simply.html,['https://scholar.google.com/scholar?hl=en&as_sdt=0%2C5&q=hermeneutic+dialectics+hegemonic+modalities'],509
Donate Unrestricted,donate.html,http://paulgraham.com/donate.html,[],485
What I Worked On,worked.html,http://paulgraham.com/worked.html,"['think.html', 'ds.html', 'kids.html', 'growth.html', 'yahoo.html', 'essay.html', 'marginal.html', 'https://www.amazon.com/Founders-Work-Stories-Startups-Early/dp/1430210788', 'summerfounder.html', 'know.html', 'bel.html', 'useful.html']",13810
Earnestness,earnest.html,http://paulgraham.com/earnest.html,"['genius.html', 'nerds.html', 'https://scholar.google.com/scholar?hl=en&as_sdt=0%2C5&q=hermeneutic+dialectics+hegemonic+phenomenology+intersectionality', 'ecw.html', 'jessica.html', 're.html']",1669
Billionaires Build,ace.html,http://paulgraham.com/ace.html,"['https://boomsupersonic.com/', 'startupideas.html', 'genius.html', 'growth.html']",3424
How to Think for Yourself,think.html,http://paulgraham.com/think.html,['useful.html'],628
Early Work,early.html,http://paulgraham.com/early.html,"['altair.html', 'swan.html']",842
Modeling a Wealth Tax,wtax.html,http://paulgraham.com/wtax.html,[],174
The Four Quadrants of Conformism,conformism.html,http://paulgraham.com/conformism.html,[],1970
Orthodox Privilege,orth.html,http://paulgraham.com/orth.html,['say.html'],788
Coronavirus and Credibility,cred.html,http://paulgraham.com/cred.html,['https://www.youtube.com/watch?v=NAh4uS4f78o'],237
How to Write Usefully,useful.html,http://paulgraham.com/useful.html,[],404
Being a Noob,noob.html,http://paulgraham.com/noob.html,[],373
Haters,fh.html,http://paulgraham.com/fh.html,"['https://twitter.com/search?q=Musk%20fraud&src=typed_query&f=live', 'mean.html']",1391
The Two Kinds of Moderate,mod.html,http://paulgraham.com/mod.html,['say.html'],669
Fashionable Problems,fp.html,http://paulgraham.com/fp.html,"['sun.html', 'genius.html']",190
Having Kids,kids.html,http://paulgraham.com/kids.html,"['top.html', 'bel.html']",1537
The Lesson to Unlearn,lesson.html,http://paulgraham.com/lesson.html,"['growth.html', 'ds.html', 're.html', 'gba.html', 'ineq.html']",4043
Novelty and Heresy,nov.html,http://paulgraham.com/nov.html,['say.html'],255
The Bus Ticket Theory of Genius,genius.html,http://paulgraham.com/genius.html,"['work.html', 'disc.html', 'hamming.html', 'cities.html', 'https://twitter.com/paulg/status/1196537802621669376']",2632
General and Surprising,sun.html,http://paulgraham.com/sun.html,['ecw.html'],439
Charisma / Power,pow.html,http://paulgraham.com/pow.html,[],121
The Risk of Discovery,disc.html,http://paulgraham.com/disc.html,[],216
How to Make Pittsburgh a Startup Hub,pgh.html,http://paulgraham.com/pgh.html,"['http://www.nytimes.com/2016/03/16/dining/pittsburgh-restaurants.html', 'before.html', 'http://www.nytimes.com/2016/04/06/us/gay-rights-mississippi-north-carolina.html']",2636
Economic Inequality,ineq.html,http://paulgraham.com/ineq.html,[],318
Jessica Livingston,jessica.html,http://paulgraham.com/jessica.html,['mean.html'],1968
A Way to Detect Bias,bias.html,http://paulgraham.com/bias.html,['http://10years.firstround.com/#one'],565
Write Like You Talk,talk.html,http://paulgraham.com/talk.html,"['https://scholar.google.com/scholar?hl=en&as_sdt=1,5&q=transgression+narrative+postmodern+gender']",708
Default Alive or Default Dead?,aord.html,http://paulgraham.com/aord.html,"['http://growth.tlb.org/#', 'pinch.html', 'ds.html']",1498
Why It's Safe for Founders to Be Nice,safe.html,http://paulgraham.com/safe.html,"['mean.html', 'growth.html', 'pinch.html']",785
Change Your Name,name.html,http://paulgraham.com/name.html,"['http://www.quora.com/How-did-Stripe-come-up-with-its-name?share=1', 'identity.html']",758
What Microsoft Is this the Altair Basic of?,altair.html,http://paulgraham.com/altair.html,['startupideas.html'],377
The Ronco Principle,ronco.html,http://paulgraham.com/ronco.html,['startupideas.html'],630
What Doesn't Seem Like Work?,work.html,http://paulgraham.com/work.html,"['https://goo.gl/maps/rkzUm', 'love.html']",483
Don't Talk to Corp Dev,corpdev.html,http://paulgraham.com/corpdev.html,"['top.html', 'mean.html', 'https://justinkan.com/the-founders-guide-to-selling-your-company-a1b2025c9481']",1291
Let the Other 95% of Great Programmers In,95.html,http://paulgraham.com/95.html,['genius.html'],924
How to Be an Expert in a Changing World,ecw.html,http://paulgraham.com/ecw.html,[],1061
How You Know,know.html,http://paulgraham.com/know.html,[],647
The Fatal Pinch,pinch.html,http://paulgraham.com/pinch.html,['ds.html'],1599
Mean People Fail,mean.html,http://paulgraham.com/mean.html,['http://startupclass.samaltman.com/courses/lec05'],1138
Before the Startup,before.html,http://paulgraham.com/before.html,"['http://ycombinator.com/apply.html', 'http://startupclass.samaltman.com/', 'convince.html', 'growth.html', 'ds.html', 'really.html', 'startupideas.html', 'marginal.html', 'http://ycombinator.com/start.html', 'word.html', 'schlep.html', 'credentials.html']",4603
How to Raise Money,fr.html,http://paulgraham.com/fr.html,"['http://ycombinator.com/apply.html', 'growth.html', 'convince.html', 'top.html', 'ds.html', 'http://ycombinator.com/hdp.html', 'herd.html', 'convince.html', 'ramenprofitable.html', 'http://www.sequoiacap.com/ideas', 'schlep.html']",10677
Investor Herd Dynamics,herd.html,http://paulgraham.com/herd.html,"['http://ycombinator.com/apply.html', 'convince.html']",1106
How to Convince Investors,convince.html,http://paulgraham.com/convince.html,"['http://ycombinator.com/apply.html', 'swan.html', 'ds.html', 'startupideas.html']",3688
Startup Investing Trends,invtrend.html,http://paulgraham.com/invtrend.html,"['highres.html', 'control.html', 'growth.html', 'foundervisa.html']",2955
How to Get Startup Ideas,startupideas.html,http://paulgraham.com/startupideas.html,"['http://ycombinator.com/apply.html', 'schlep.html', 'marginal.html']",7215
The Hardware Renaissance,hw.html,http://paulgraham.com/hw.html,"['http://ycombinator.com/apply.html', 'http://bits.blogs.nytimes.com/2012/05/11/pebble-smartwatch-tops-out-at-10-million-on-kickstarter/', 'http://paulgraham.com/tablets.html', 'http://lockitron.com', 'http://doublerobotics.com', 'http://www.boostedboards.com/', 'growth.html', 'http://ycombinator.com/apply.html', 'ambitious.html']",402
Startup = Growth,growth.html,http://paulgraham.com/growth.html,['http://ycombinator.com/apply.html'],2598
Black Swan Farming,swan.html,http://paulgraham.com/swan.html,"['http://ycombinator.com/apply.html', 'http://en.wikipedia.org/wiki/Spatial_disorientation', 'airbnb.html']",2158
The Top of My Todo List,todo.html,http://paulgraham.com/todo.html,['http://bronnieware.com/regrets-of-the-dying/'],233
Writing and Speaking,speak.html,http://paulgraham.com/speak.html,[],1194
How Y Combinator Started,ycstart.html,http://paulgraham.com/ycstart.html,"['https://web.archive.org/web/20170609055553/http://www.ycombinator.com/yc05.html', 'https://web.archive.org/web/20170609055553/http://ycombinator.com/old/sfp.html']",1447
Defining Property,property.html,http://paulgraham.com/property.html,"['http://tctechcrunch2011.files.wordpress.com/2012/01/congress-on-sopa-done.png', 'http://www.amazon.com/Harmless-People-Elizabeth-Marshall-Thomas/dp/0394427793', 'http://www.amazon.com/Old-Way-Story-First-People/dp/0374225524', 'http://torrentfreak.com/australia-us-copyright-colony-or-just-a-good-friend-120121/']",980
Frighteningly Ambitious Startup Ideas,ambitious.html,http://paulgraham.com/ambitious.html,['http://ycombinator.com/apply.html'],3788
A Word to the Resourceful,word.html,http://paulgraham.com/word.html,"['http://ycombinator.com/apply.html', 'relres.html']",799
Schlep Blindness,schlep.html,http://paulgraham.com/schlep.html,"['http://ycombinator.com/apply.html', 'http://stripe.com']",850
"Snapshot: Viaweb, June 1998",vw.html,http://paulgraham.com/vw.html,"['http://ycombinator.com/viaweb', 'http://ycombinator.com', 'zero.html', 'http://www.ycombinator.com/viaweb/com.html', 'http://en.wikipedia.org/wiki/Morris_worm', 'http://ycombinator.com/people.html', 'http://ycombinator.com/viaweb/trevor.html', 'http://ycombinator.com/viaweb/tlbwebdesign.html', 'submarine.html', 'http://ycombinator.com/viaweb/presquot.html', 'http://ycombinator.com/viaweb/se.html', 'http://en.wikipedia.org/wiki/CyberCash,_Inc.', 'http://www.ycombinator.com/viaweb/cybercash.html', 'http://ycombinator.com/viaweb/tesdriv.html', 'http://ycombinator.com/viaweb/us.html', 'http://ycombinator.com/viaweb/rtml.html', 'http://www.ycombinator.com/viaweb/rel4.html']",869
Why Startup Hubs Work,hubs.html,http://paulgraham.com/hubs.html,"['http://ycombinator.com/apply.html', 'die.html', 'cities.html', 'notnot.html', 'control.html', 'top.html', 'siliconvalley.html']",1806
The Patent Pledge,patentpledge.html,http://paulgraham.com/patentpledge.html,['http://thepatentpledge.org'],679
Subject: Airbnb,airbnb.html,http://paulgraham.com/airbnb.html,"['http://avc.com/2011/03/airbnb', 'http://airbnb.com']",1365
Founder Control,control.html,http://paulgraham.com/control.html,['http://ycombinator.com/apply.html'],779
Tablets,tablets.html,http://paulgraham.com/tablets.html,"['http://lockitron.com/', 'http://ycombinator.com/rfs8.html', 'http://en.wikipedia.org/wiki/Ephemeralization']",583
What We Look for in Founders,founders.html,http://paulgraham.com/founders.html,"['http://ycombinator.com/apply.html', 'die.html', 'http://wepay.com', 'relres.html', 'http://greplin.com', 'googles.html', 'http://airbnb.com', 'gba.html', 'http://loopt.com', 'startupmistakes.html', 'http://justin.tv']",797
The New Funding Landscape,superangels.html,http://paulgraham.com/superangels.html,['http://ycombinator.com/apply.html'],3582
Where to See Silicon Valley,seesv.html,http://paulgraham.com/seesv.html,"['http://ycombinator.com/apply.html', 'http://maps.google.com/maps?q=stanford+university', 'http://maps.google.com/maps?q=university+and+ramona+palo+alto', 'http://maps.google.com/maps?q=165+university+ave+palo+alto', 'http://wepay.com', 'http://maps.google.com/maps?q=old+palo+alto', 'http://maps.google.com/maps?q=2900+sand+hill+road+menlo+park', 'http://maps.google.com/maps?q=castro+and+villa+mountain+view', 'http://maps.google.com/places/us/ca/mountain-view/castro-st/201/-red-rock-coffee', 'http://maps.google.com/maps?q=charleston+road+mountain+view', 'http://maps.google.com/maps?q=skylonda', 'http://www.openspace.org/', 'http://maps.google.com/maps?q=interstate+280+san+mateo', 'http://www.openspace.org/preserves/pr_los_trancos.asp', 'http://www.flickr.com/photos/38037974@N00/3890299362/', 'http://www.flickr.com/photos/paulbarroga/3443486941/', 'http://www.computerhistory.org/']",1081
High Resolution Fundraising ,hiresfund.html,http://paulgraham.com/hiresfund.html,"['http://ycombinator.com/apply.html', 'http://twitter.com/paulg/status/22319113993']",712
What Happened to Yahoo ,yahoo.html,http://paulgraham.com/yahoo.html,"['http://ycombinator.com/apply.html', 'gba.html']",2049
The Future of Startup Funding ,future.html,http://paulgraham.com/future.html,"['http://ycombinator.com/apply.html', 'http://www.paulgraham.com/googles.html#next', 'top.html', 'http://techcrunch.tv/watch?id=Q3amZtMTryrpiP80cbUtsV2ah92eZP2m']",3931
The Acceleration of Addictiveness,addiction.html,http://paulgraham.com/addiction.html,"['convergence.html', 'http://en.wikipedia.org/wiki/Paleolithic_diet', 'https://www.youtube.com/watch?v=GbXgsMxOPtI']",1269
The Top Idea in Your Mind ,top.html,http://paulgraham.com/top.html,['http://ycombinator.com/apply.html'],1166
How to Lose Time and Money ,selfindulgence.html,http://paulgraham.com/selfindulgence.html,['wealth.html'],676
Organic Startup Ideas,organic.html,http://paulgraham.com/organic.html,['http://ycombinator.com/apply.html'],1004
Apple's Mistake,apple.html,http://paulgraham.com/apple.html,['http://ycombinator.com/apply.html'],139
What Startups Are Really Like,really.html,http://paulgraham.com/really.html,['http://ycombinator.com/apply.html'],5059
Persuade xor Discover ,discover.html,http://paulgraham.com/discover.html,"['unions.html', 'power.html', 'essay.html']",1299
Post-Medium Publishing,publishing.html,http://paulgraham.com/publishing.html,"['http://www.bsa.org/country/News%20and%20Events/News%20Archives/en/2009/en-08312009-mueller.aspx?sc_lang=en', 'http://thesixtyone.com', 'http://ycombinator.com/rfs1.html', 'stuff.html']",1772
The List of N Things,nthings.html,http://paulgraham.com/nthings.html,"['startupmistakes.html', 'essay.html', 'http://delicious.com/popular']",1446
The Anatomy of Determination ,determination.html,http://paulgraham.com/determination.html,"['http://ycombinator.com/apply.html', 'love.html', 'wealth.html', 'http://startupschool.org', 'http://ycombinator.com']",1499
What Kate Saw in Silicon Valley  ,kate.html,http://paulgraham.com/kate.html,[],813
The Trouble with the Segway,segway.html,http://paulgraham.com/segway.html,"['http://www.tlb.org/scooter.html', 'http://tlb.org/eunicycle.html']",375
Ramen Profitable,ramenprofitable.html,http://paulgraham.com/ramenprofitable.html,['http://ycombinator.com/apply.html'],327
"Maker's Schedule, Manager's Schedule ",makersschedule.html,http://paulgraham.com/makersschedule.html,['http://ycombinator.com'],1159
A Local Revolution?,revolution.html,http://paulgraham.com/revolution.html,"['highres.html', 'startuphubs.html', 'siliconvalley.html', 'maybe.html']",1339
Why Twitter is a Big Deal,twitter.html,http://paulgraham.com/twitter.html,['http://gigaom.com/2009/04/03/google-may-buy-twitter-or-not-but-why-is-twitter-so-hot/'],147
The Founder Visa,foundervisa.html,http://paulgraham.com/foundervisa.html,"['http://www.economist.com/surveys/displaystory.cfm?story_id=13216037&fsrc=rss', 'http://venturebeat.com/2006/11/15/note-to-washington-about-half-of-vc-backed-company-founders-are-immigrants']",414
Five Founders,5founders.html,http://paulgraham.com/5founders.html,"['taste.html', 'http://www.cypress.com/?rID=34993', '13sentences.html']",757
Relentlessly Resourceful,relres.html,http://paulgraham.com/relres.html,"['http://ycombinator.com/apply.html', 'angelinvesting.html']",1002
How to Be an Angel Investor,angelinvesting.html,http://paulgraham.com/angelinvesting.html,"['http://angelconf.org', 'http://ycombinator.com/seriesaa.html', 'equity.html', 'gba.html', 'http://ycombinator.com/seriesaa.html', 'http://news.ycombinator.com/item?id=506671']",3952
Why TV Lost,convergence.html,http://paulgraham.com/convergence.html,[],423
Can You Buy a Silicon Valley?  Maybe.,maybe.html,http://paulgraham.com/maybe.html,"['siliconvalley.html', 'http://ycombinator.com']",315
What I've Learned from Hacker News,hackernews.html,http://paulgraham.com/hackernews.html,"['http://ycombinator.com/images/2yeartraffic.png', 'http://ycombinator.com/newswelcome.html', 'trolls.html', 'http://xkcd.com/386/', 'http://stupidfilter.org', 'http://news.ycombinator.com/item?id=495053']",2862
Startups in 13 Sentences,13sentences.html,http://paulgraham.com/13sentences.html,"['http://ycombinator.com/apply.html', 'https://code.stypi.com/hacks/13sentences?doomed=true', 'http://www.diaryofawebsite.com/blog/2008/07/wufoo-and-the-art-of-customer-service/', 'die.html']",1322
Keep Your Identity Small  ,identity.html,http://paulgraham.com/identity.html,['http://www.theledger.com/apps/pbcs.dll/article?AID=/20060418/NEWS/604180378/1039'],867
After Credentials,credentials.html,http://paulgraham.com/credentials.html,[],130
Could VC be a Casualty of the Recession?,divergence.html,http://paulgraham.com/divergence.html,['http://ticketstumbler.com'],1349
The High-Res Society,highres.html,http://paulgraham.com/highres.html,['credentials.html'],1522
"The Other Half of ""Artists Ship""  ",artistsship.html,http://paulgraham.com/artistsship.html,[],1309
Why to Start a Startup in a Bad Economy,badeconomy.html,http://paulgraham.com/badeconomy.html,"['http://ycombinator.com/apply.html', 'http://bountii.com']",1108
A Fundraising Survival Guide,fundraising.html,http://paulgraham.com/fundraising.html,"['http://ycombinator.com/apply.html', 'http://www.youtube.com/watch?v=KhhId_WG7RA', 'http://ycombinator.com/seriesaa.html']",4834
The Pooled-Risk Company Management Company,prcmc.html,http://paulgraham.com/prcmc.html,['http://www.omnisio.com/startupschool08/david-heinemeier-hansson-at-startup-school-08'],457
Cities and Ambition,cities.html,http://paulgraham.com/cities.html,[],258
Disconnecting Distraction,distraction.html,http://paulgraham.com/distraction.html,['http://www.forbes.com/forbes/2003/0929/076.html'],621
Lies We Tell Kids,lies.html,http://paulgraham.com/lies.html,['http://www.google.com/search?q=parents+complain+inappropriate+book'],5247
Be Good,good.html,http://paulgraham.com/good.html,"['http://chatterous.com', 'http://octopart.com', 'gh.html', 'bubble.html']",2953
Why There Aren't More Googles,googles.html,http://paulgraham.com/googles.html,"['http://ycombinator.com/apply.html', 'http://discussionleader.hbsp.com/haque/2008/04/i_agree_and_i.html']",1335
Some Heroes,heroes.html,http://paulgraham.com/heroes.html,"['http://en.wikipedia.org/wiki/Jack_Lambert_(American_football_player)', 'http://www.amazon.com/Nude-Study-Ideal-Form/dp/0691017883', 'http://www.amazon.com/dp/B000F0UUKA', 'http://www.abebooks.com/servlet/SearchResults?an=clark&sts=t&tn=civilisation', 'https://sep.yimg.com/ty/cdn/paulgraham/leonardo-skull.jpg?t=1595850613&', 'https://www.flickr.com/photos/uergevich/7029234689/', 'rootsoflisp.html', 'http://en.wikipedia.org/wiki/Douglas_Bader', 'http://en.wikipedia.org/wiki/R._J._Mitchell', 'http://www.amazon.com/Spitfire-Pilots-Story-Crecy-Cover/dp/0947554726', 'taste.html', 'gh.html']",2695
How to Disagree,disagree.html,http://paulgraham.com/disagree.html,[],1498
You Weren't Meant to Have a Boss,boss.html,http://paulgraham.com/boss.html,"['http://ycombinator.com/apply.html', 'start.html', 'http://paulmckellar.com/photos/03l']",2531
A New Venture Animal,ycombinator.html,http://paulgraham.com/ycombinator.html,"['equity.html', 'http://news.ycombinator.com/item?id=133430']",1986
Trolls,trolls.html,http://paulgraham.com/trolls.html,"['http://news.ycombinator.com/item?id=116938', 'http://ycombinator.com/newsguidelines.html']",892
Six Principles for Making New Things,newthings.html,http://paulgraham.com/newthings.html,"['arc.html', 'http://ycombinator.com', 'http://reddit.com']",1167
Why to Move to a Startup Hub,startuphubs.html,http://paulgraham.com/startuphubs.html,"['webstartups.html', 'http://news.ycombinator.com/item?id=65815']",1457
The Future of Web Startups,webstartups.html,http://paulgraham.com/webstartups.html,"['http://ycombinator.com/apply.html', 'http://news.ycombinator.com']",3404
How to Do Philosophy,philosophy.html,http://paulgraham.com/philosophy.html,[],4717
News from the Front,colleges.html,http://paulgraham.com/colleges.html,"['http://nymag.com/nymetro/urban/education/features/15141/', 'http://ycombinator.com', 'nerds.html']",2216
How Not to Die,die.html,http://paulgraham.com/die.html,"['http://ycombinator.com/apply.html', 'http://wufoo.com', 'http://octopart.com', 'http://docs.octopart.com/newsweek_octopart_small.jpg']",1973
Holding a Program in One's Head,head.html,http://paulgraham.com/head.html,"['power.html', 'hiring.html']",1834
Stuff,stuff.html,http://paulgraham.com/stuff.html,[],1257
The Equity Equation,equity.html,http://paulgraham.com/equity.html,[],1196
An Alternative Theory of Unions,unions.html,http://paulgraham.com/unions.html,[],515
The Hacker's Guide to Investors,guidetoinvestors.html,http://paulgraham.com/guidetoinvestors.html,"['siliconvalley.html', 'http://ricksegal.typepad.com/pmv/2007/02/a_fatal_paper_c.html', 'judgement.html', 'http://www.amazon.com/gp/product/1590597141', 'http://www.redpoint.com/team/', 'http://startupschool.org', 'http://news.ycombinator.com/item?id=17947']",6244
Two Kinds of Judgement,judgement.html,http://paulgraham.com/judgement.html,[],740
Microsoft is Dead,microsoft.html,http://paulgraham.com/microsoft.html,"['road.html', 'http://live.com', 'http://snipshot.com', 'http://www.bosstalks.com/StartupSchool2007/all_macs_and_all_writing.jpg', 'hiring.html']",1286
Why to Not Not Start a Startup,notnot.html,http://paulgraham.com/notnot.html,"['http://ycombinator.com/apply.html', 'http://reddit.com', 'http://loopt.com', 'http://justin.tv', 'wealth.html', 'http://news.ycombinator.com/comments?id=6668']",6283
Is It Worth Being Wise?,wisdom.html,http://paulgraham.com/wisdom.html,[],3743
Learning from Founders,foundersatwork.html,http://paulgraham.com/foundersatwork.html,"['http://www.amazon.com/gp/product/1590597141', 'http://www.aoky.net/articles/paul_graham/foundersatwork.htm']",775
How Art Can Be Good,goodart.html,http://paulgraham.com/goodart.html,"['taste.html', 'http://reddit.com', 'http://reddit.com/info/ufsk/comments']",3628
The 18 Mistakes That Kill Startups,startupmistakes.html,http://paulgraham.com/startupmistakes.html,"['http://ycombinator.com/apply.html', 'siliconvalley.html', 'wealth.html']",5609
A Student's Guide to Startups,mit.html,http://paulgraham.com/mit.html,"['http://ycombinator.com/apply.html', 'hiring.html', 'http://ycombinator.com', 'http://loopt.com', 'siliconvalley.html', 'http://my-computer.cruftlabs.com:8080/photos/motorcouch/0067.html', 'http://www.amazon.com/gp/product/1590597141', 'http://foundersatwork.com/stevewozniak.html', 'http://reddit.com', 'http://reddit.com/info/l1xb/comments']",6454
How to Present to Investors,investors.html,http://paulgraham.com/investors.html,['http://ycombinator.com/apply.html'],2817
Copy What You Like,copy.html,http://paulgraham.com/copy.html,"['taste.html', 'http://reddit.com', 'http://reddit.com/info/9bm4/comments']",945
The Island Test,island.html,http://paulgraham.com/island.html,[],755
The Power of the Marginal,marginal.html,http://paulgraham.com/marginal.html,"['http://ycombinator.com/apply.html', 'nerds.html', 'largilliere-chardin.html', 'hundred.html', 'pilate.html', 'isetta.html', 'procrastination.html', 'http://journalism.nyu.edu/pubzone/weblogs/pressthink/2004/03/15/lott_case.html', 'http://reddit.com', 'essay.html', 'http://foundersatwork.com/steve-wozniak.html']",6097
Why Startups Condense in America,america.html,http://paulgraham.com/america.html,"['siliconvalley.html', 'gba.html', 'marginal.html', 'hiring.html']",4764
How to Be Silicon Valley,siliconvalley.html,http://paulgraham.com/siliconvalley.html,"['http://www.google.com/search?q=technology+park', 'http://www-personal.umich.edu/~mejn/election/2004/countymaplinearlarge.png', 'http://www.flickr.com/photos/caterina/34637/', 'http://www.pps.org/great_public_spaces/one?public_place_id=148', 'america.html']",3601
The Hardest Lessons for Startups to Learn,startuplessons.html,http://paulgraham.com/startuplessons.html,"['http://startupschool.org', 'http://ycombinator.com', 'http://reddit.com', 'http://wufoo.com', 'love.html']",4826
See Randomness,randomness.html,http://paulgraham.com/randomness.html,['http://en.wikipedia.org/wiki/The_Selfish_Gene'],587
Are Software Patents Evil?,softwarepatents.html,http://paulgraham.com/softwarepatents.html,"['http://paulgraham.infogami.com/blog/morepatents', 'http://www.theregister.co.uk/2006/03/15/azul_sues_sun/', 'taste.html', 'http://www.computing.co.uk/forbes/news/2152720/interview-steve-ballmer-linux', 'wealth.html', 'http://news.com.com/2100-1026_3-5106684.html']",4668
6631372,6631327.html,http://paulgraham.com/6631327.html,"['http://patft.uspto.gov/netacgi/nph-Parser?Sect1=PTO1&Sect2=HITOFF&d=PALL&p=1&u=%2Fnetahtml%2FPTO%2Fsrchnum.htm&r=1&f=G&l=50&s1=6,631,372.PN.&OS=PN/6,631,372&RS=PN/6,631,372']",692
Why YC,whyyc.html,http://paulgraham.com/whyyc.html,"['http://ycombinator.com', 'gba.html']",376
How to Do What You Love,love.html,http://paulgraham.com/love.html,"['http://ycombinator.com/apply.html', 'http://images.google.com/images?q=louis%20xv%20chair', 'http://www.google.com/scholar?q=gender+identity+narrative+discourse+transcend', 'wealth.html']",4667
Good and Bad Procrastination,procrastination.html,http://paulgraham.com/procrastination.html,"['start.html', 'hamming.html', 'hs.html']",1801
Web 2.0,web20.html,http://paulgraham.com/web20.html,"['http://ycombinator.com/apply.html', 'http://www.oreillynet.com/pub/a/oreilly/tim/news/2005/09/30/what-is-web-20\n.html', 'http://www.wired.com/news/technology/0,1282,69114,00.html', 'http://www.paulgraham.com/bubble.html', 'http://online.wsj.com/public/article/SB113098635587487074.html?mod=todays_\nfree_feature', 'http://www.hypercamp.org/2005/11/09', 'http://googlemapsmania.blogspot.com/2005/10/google-maps-lead-engineer-gaze\ns-into.html', 'http://www.adaptivepath.com/publications/essays/archives/000385.php', 'opensource.html', 'http://wikipedia.org', 'http://reddit.com', 'http://digg.com', 'http://del.icio.us', 'hiring.html', 'vcsqueeze.html', 'designedforwindows.html', 'start.html', 'submarine.html', 'http://busmonster.com', 'http://web.archive.org/web/20040602111547/http://web2con.com/', 'road.html', 'http://ycombinator.com', 'http://foundersatwork.com']",3374
How to Fund a Startup,startupfunding.html,http://paulgraham.com/startupfunding.html,"['http://ycombinator.com/apply.html', 'http://commonangels.com/home.html', 'http://bandangels.com/', 'http://angelcapitalassociation.org/', 'http://ycombinator.com', 'siliconvalley.html', 'ideas.html', 'http://ycombinator.com/buckman.html', 'vcsqueeze.html', 'hiring.html']",9060
The Venture Capital Squeeze,vcsqueeze.html,http://paulgraham.com/vcsqueeze.html,"['http://www.archub.org/dilbertvc.gif', 'avg.html', 'http://startupschool.org', 'venturecapital.html']",1564
Ideas for Startups,ideas.html,http://paulgraham.com/ideas.html,"['http://ycombinator.com/apply.html', 'http://startupschool.org', 'start.html', 'hs.html', 'hp.html', 'taste.html', 'http://kiko.com']",3941
What I Did this Summer,sfp.html,http://paulgraham.com/sfp.html,"['hiring.html', 'http://reddit.com', 'http://kiko.com', 'http://www.ventureblog.com/articles/indiv/2003/000024.html', 'http://software.ericsink.com/entries/No_Great_Hackers.html', 'https://sep.yimg.com/ty/cdn/paulgraham/sfptable.jpg?t=1595850613&']",2585
Inequality and Risk,inequality.html,http://paulgraham.com/inequality.html,"['venturecapital.html', 'ladder.html', 'wealth.html']",2819
After the Ladder,ladder.html,http://paulgraham.com/ladder.html,['inequality.html'],585
What Business Can Learn from Open Source,opensource.html,http://paulgraham.com/opensource.html,"['http://reddit.com', 'http://www.amazon.com/exec/obidos/tg/detail/-/0596006624', 'inequality.html', 'say.html', 'http://ycombinator.com', 'start.html', 'hiring.html']",4353
Hiring is Obsolete,hiring.html,http://paulgraham.com/hiring.html,"['http://ycombinator.com/apply.html', 'nerds.html', 'http://slashdot.org/comments.pl?sid=158756&cid=13299057', 'road.html', 'start.html', 'bronze.html']",4786
The Submarine,submarine.html,http://paulgraham.com/submarine.html,"['http://www.businessweek.com/bwdaily/dnflash/jan2006/nf20060120_5808_db035.htm', 'http://www.nytimes.com/2005/04/14/fashion/thursdaystyles/14peacock.html?ex=1271131200&en=e96f2670387e3636&ei=5090&partner=rssuserland', 'http://www.cvbizlink.com/articles/2005/04/07/news/news/doc42406f05edf53293947237.prt', 'http://www.usatoday.com/money/industries/retail/2004-09-01-suits_x.htm', 'http://www.cnn.com/2004/BUSINESS/06/23/go.fashion.jones/', 'http://www.post-gazette.com/pg/04062/279616.stm', 'http://www.southcoasttoday.com/daily/09-03/09-21-03/c01li238.htm', 'http://www.businessweek.com/magazine/content/02_46/b3808122.htm', 'http://www.pittsburghlive.com/x/s_65540.html', 'http://news.bbc.co.uk/1/hi/business/1836010.stm', 'http://www.maximumexposurepr.com/middleMAA.html', 'http://schwartz-pr.com/client_coverage.php', 'http://sanfrancisco.bizjournals.com/sanfrancisco/stories/2002/02/25/story5.html?t=printable', 'http://www.usatoday.com/money/industries/retail/2004-09-01-suits_x.htm', 'http://bostonworks.boston.com/globe/articles/091904_suit.html', 'http://www.usnews.com/usnews/biztech/articles/041108/8eedress.htm', 'http://www.sexbuzz.com/style/9,0004,00.shtml', 'http://www.detnews.com/2004/careers/0405/28/b01-149207.htm', 'say.html', 'http://www.prsa.org/_Publications/magazines/0802news1.asp', 'http://www.google.com/search?q=internet+worm+1988+6000']",2391
Why Smart People Have Bad Ideas,bronze.html,http://paulgraham.com/bronze.html,"['http://ycombinator.com/apply.html', 'http://www.knoedlergallery.com/', 'venturecapital.html', 'pierced.html', 'http://dogbert.abebooks.com/servlet/SearchResults?bx=on&sts=t&ds=30&bi=0&an=carnegie&kn=1938+OR+1939+OR+1940+OR+1941+OR+1942+OR+1943+OR+1944+OR+1945+OR+1946+OR+1947+OR+1948&tn=influence+friends&sortby=2']",3251
Return of the Mac,mac.html,http://paulgraham.com/mac.html,"['gba.html', 'tlbmac.html', 'taste.html', 'designedforwindows.html', 'gh.html', 'http://ycombinator.com']",1004
"Writing,  Briefly",writing44.html,http://paulgraham.com/writing44.html,[],476
Undergraduation,college.html,http://paulgraham.com/college.html,"['http://ycombinator.com/apply.html', 'gh.html', 'pypar.html', 'hp.html', 'essay.html', 'say.html', 'avg.html', 'love.html', 'http://www.math.ubc.ca/people/faculty/cass/Euclid/byrne.html', 'undergrad2.html']",3793
A Unified Theory of VC Suckage,venturecapital.html,http://paulgraham.com/venturecapital.html,"['nerds.html', 'http://www.waxy.org/random/arsdigita/']",1478
How to Start a Startup,start.html,http://paulgraham.com/start.html,"['http://ycombinator.com/apply.html', 'ideas.html', 'road.html', 'gh.html', 'venturecapital.html', 'nerds.html', 'icad.html', 'tlbphd.html']",9749
What You'll Wish You'd Known,hs.html,http://paulgraham.com/hs.html,['http://www.edutopia.org/muddle-machine'],5070
Made in USA,usa.html,http://paulgraham.com/usa.html,"['http://www.amazon.com/exec/obidos/tg/detail/-/0596006624', 'gh.html', 'matador.html', '75eldorado.html', '04magnum.html', 'denver.html', 'gba.html', 'taste.html']",1846
"It's Charisma, Stupid",charisma.html,http://paulgraham.com/charisma.html,"['http://reddit.com', 'http://reddit.com/info/8zp7/comments']",1510
Bradley's Ghost,polls.html,http://paulgraham.com/polls.html,['say.html'],754
A Version 1.0,laundry.html,http://paulgraham.com/laundry.html,['essay.html'],5752
What the Bubble Got Right,bubble.html,http://paulgraham.com/bubble.html,"['nerdad.html', 'start.html', 'hackpaint.html', 'http://www.usatoday.com/news/politicselections/nation/president/2004-04-30-boston-police-convention_x.htm', 'gh.html']",3729
The Age of the Essay,essay.html,http://paulgraham.com/essay.html,"['gh.html', 'say.html', 'http://www.ojr.org/ojr/glaser/1056050270.php']",4523
The Python Paradox,pypar.html,http://paulgraham.com/pypar.html,"['gh.html', 'icad.html', 'hundred.html']",449
Great Hackers,gh.html,http://paulgraham.com/gh.html,"['http://ycombinator.com/apply.html', 'http://www.amazon.com/exec/obidos/tg/detail/-/0596006624', 'pypar.html', 'taste.html', 'progbot.html', 'http://www.tlb.org/scooter.html', 'procrastination.html', 'love.html', 'power.html', 'say.html']",5347
Mind the Gap,gap.html,http://paulgraham.com/gap.html,[],5684
How to Make Wealth,wealth.html,http://paulgraham.com/wealth.html,"['http://ycombinator.com/apply.html', 'http://www.amazon.com/gp/product/0596006624/104-0572701-7443937', 'http://reddit.com', 'http://reddit.com/info?id=20775']",8947
"The Word ""Hacker""",gba.html,http://paulgraham.com/gba.html,"['garage.html', 'say.html', 'bluebox.html']",1937
What You Can't Say,say.html,http://paulgraham.com/say.html,"['avg.html', 'http://www.paulgraham.com/saynotes.html']",5557
Filters that Fight Back,ffb.html,http://paulgraham.com/ffb.html,"['http://death2spam.com', 'wfks.html', 'http://www.bork.ca/pics/?path=incoming&img=bill.jpg']",940
Hackers and Painters,hp.html,http://paulgraham.com/hp.html,"['taste.html', 'http://www.apa.org/journals/features/psp7761121.pdf', 'piraha.html', 'power.html', 'ginevra.html', 'baptism.html', 'montefeltro.html']",5586
If Lisp is So Great,iflisp.html,http://paulgraham.com/iflisp.html,"['https://sep.yimg.com/ty/cdn/paulgraham/acl2.lisp?t=1595850613&', 'http://shootout.alioth.debian.org/benchmark.php?test=nestedloop&lang=all&sort=cpu', 'icad.html']",416
The Hundred-Year Language,hundred.html,http://paulgraham.com/hundred.html,"['arc.html', 'rootsoflisp.html', 'desres.html', 'avg.html', 'power.html']",4791
Why Nerds are Unpopular,nerds.html,http://paulgraham.com/nerds.html,['essay.html'],5693
Better Bayesian Filtering,better.html,http://paulgraham.com/better.html,"['spam.html', 'http://crm114.sourceforge.net', 'wfks.html']",4321
Design and Research,desres.html,http://paulgraham.com/desres.html,['arc.html'],2661
A Plan for Spam,spam.html,http://paulgraham.com/spam.html,"['http://news.ycombinator.com', 'arc.html', 'better.html']",105
Revenge of the Nerds,icad.html,http://paulgraham.com/icad.html,"['http://ycombinator.com/apply.html', 'accgen.html', 'rootsoflisp.html', 'https://sep.yimg.com/ty/cdn/paulgraham/jmc.lisp?t=1595850613&', 'history.html', 'onlisp.html', 'carl.html', 'http://www.byte.com/documents/s=1821/byt20011214s0003/', 'road.html', 'http://news.com.com/2100-1017-225723.html', 'power.html', 'progbot.html', 'http://www.newarchitectmag.com/documents/s=2286/new1015626014044/', 'http://www.norvig.com/design-patterns/', 'icadmore.html', 'http://www.ai.mit.edu/~gregs/ll1-discuss-archive-html/threads.html', 'power.html', 'accgen.html', 'http://www.shiro.dreamhost.com/scheme/trans/icad-j.html', 'http://kapcoweb.com/p/docs/translations/revenge_of_the_nerds/revenge_of_the_nerds-es.html', 'http://flyingapplet.spaces.live.com/blog/cns!F682AFBD82F7E261!375.entry ']",6095
Succinctness is Power,power.html,http://paulgraham.com/power.html,"['icad.html', 'http://www.erlang.se/publications/Ulf_Wiger.pdf', 'onlisp.html']",2996
What Languages Fix,fix.html,http://paulgraham.com/fix.html,[],312
Taste for Makers,taste.html,http://paulgraham.com/taste.html,"['pilate.html', 'womb.html', 'pantheon.html', '1974-911s.html', 'symptg.html', 'symptg.html', 'leonardo.html', 'porsche695.html', 'guggen.html', 'http://mathworld.wolfram.com/EulerFormula.html', 'hunters.html', 'sr71.html', 'rootsoflisp.html', 'say.html', 'https://sep.yimg.com/ty/cdn/paulgraham/sullivan.html?t=1595850613&']",4321
Why Arc Isn't Especially Object-Oriented,noop.html,http://paulgraham.com/noop.html,"['reesoo.html', 'quotes.html']",486
What Made Lisp Different,diff.html,http://paulgraham.com/diff.html,"['http://ll1.mit.edu', 'icad.html', 'history.html', 'http://www-formal.stanford.edu/jmc/history/lisp/node2.html', 'arc.html', 'rootsoflisp.html']",700
The Other Road Ahead,road.html,http://paulgraham.com/road.html,"['http://store.yahoo.com', 'http://news.zdnet.co.uk/business/0,39020645,2077931,00.htm', 'http://groups.google.com/groups?selm=6hdipo%243o0%241%40FreeBSD.csie.NCTU.edu.tw', 'avg.html', 'http://news.cnet.com/news/0-1006-200-5195914.html', 'http://store.yahoo.com/rtml.html', 'https://sep.yimg.com/ca/I/paulgraham_1656_3563', 'http://www.bricklin.com/visicalc.htm', 'http://en.wikipedia.org/wiki/Altair_8800', 'http://news.cnet.com/news/0-1006-200-3622600.html', 'avg.html', 'http://www.schwartz-pr.com', 'hackpaint.html', 'lwba.html', 'http://www.shiro.dreamhost.com/scheme/trans/road-j.html', 'gatesemail.html']",12150
The Roots of Lisp,rootsoflisp.html,http://paulgraham.com/rootsoflisp.html,"['http://www-formal.stanford.edu/jmc/index.html', 'diff.html']",358
Five Questions about Language Design,langdes.html,http://paulgraham.com/langdes.html,"['design.html', 'lwba.html', 'road.html']",2941
Being Popular,popular.html,http://paulgraham.com/popular.html,"['arc.html', 'design.html', 'http://www.trevorblackwell.com', 'http://www.pdos.lcs.mit.edu/~rtm/', 'road.html', 'taste.html']",7590
Java's Cover,javacover.html,http://paulgraham.com/javacover.html,[],1362
Beating the Averages,avg.html,http://paulgraham.com/avg.html,"['http://ycombinator.com/apply.html', 'http://docs.yahoo.com/docs/pr/release184.html', 'acl.html', 'http://www.trollope.org/scheme.html', 'quotes.html']",4456
Lisp for Web-Based Applications,lwba.html,http://paulgraham.com/lwba.html,['avg.html'],54
Chapter 1 of Ansi Common Lisp,https://sep.yimg.com/ty/cdn/paulgraham/acl1.txt?t=1616134637&,https://sep.yimg.com/ty/cdn/paulgraham/acl1.txt?t=1616134637&,[],2459
Chapter 2 of Ansi Common Lisp,https://sep.yimg.com/ty/cdn/paulgraham/acl2.txt?t=1616134637&,https://sep.yimg.com/ty/cdn/paulgraham/acl2.txt?t=1616134637&,[],7333
Programming Bottom-Up,progbot.html,http://paulgraham.com/progbot.html,"['onlisp.html', 'arc.html', 'avg.html', 'onlisptext.html']",928
This Year We Can End the Death Penalty in California,prop62.html,http://paulgraham.com/prop62.html,['http://time.com/79572/more-innocent-people-on-death-row-than-estimated-study/'],187
